<configs>
	<append xpath="/blocks">

		<block name="placeholdercontrolPanelBase01">
			<property name="Extends" value="cntLootWeapons" param1="CustomIcon,DescriptionKey"/>
			<property name="CustomIcon" value="controlPanelBase01"/> 
			<property name="CreativeMode" value="Dev"/>
			<property name="Material" value="Mmetal"/>
			<!-- <property name="Shape" value="ModelEntity"/> <property name="Texture" value="293"/> -->
			<property name="Shape" value="ModelEntity"/>
			<!-- <property name="Mesh" value="models"/> -->
			<!-- <property name="Model" value="Entities/Industrial/controlPanelBase_01Prefab" param1="main_mesh"/> -->
			<property name="Model" value="Entities/Industrial/controlPanelBase_01Prefab"/>
			<property name="CustomIconTint" value="ff8181"/>
			<property name="Place" value="TowardsPlacerInverted"/>
			<property name="OnlySimpleRotations" value="true"/>
			<property name="ImposterExchange" value="imposterBlock" param1="2"/>
			<property name="Path" value="solid"/>			
		</block>

		<block name="AutoMiner">
			<property name="CustomIcon" value="controlPanelBase01"/>
			<property name="CustomIconTint" value="ff8080"/>
			<property name="TintColor" value="148,0,211"/>
			<property name="DescriptionKey" value="AutoMinerDesc"/>
			<!-- depending on how you want this to unlock comment out the first one and uncomment the second if you followed the directions from the progression file to allow both to unlock it. -->
			<property name="UnlockedBy" value="craftingWorkstations"/>
			<!-- <property name="UnlockedBy" value="perkAdvancedEngineering,craftingWorkstations"/> -->
			<property name="Class" value="Campfire"/>
			<property name="Material" value="Mmetal"/>
			<property name="MaxDamage" value="100"/>
			<property name="StabilitySupport" value="false"/>
			<property name="Shape" value="ModelEntity"/>
			<property name="Texture" value="293"/>
			<!-- <property name="Mesh" value="models"/> -->
			<property name="Path" value="solid"/>
			<!-- <property name="Model" value="Entities/Industrial/controlPanelBase_01Prefab" param1="main_mesh"/> -->
			<property name="Model" value="Entities/Industrial/controlPanelBase_01Prefab"/>
			<property name="DisplayType" value="blockMulti" />
			<property name="MultiBlockDim" value="1,1,1"/>
			<property name="ImposterDontBlock" value="true"/>
			<property name="Place" value="TowardsPlacerInverted"/>
			<property name="OnlySimpleRotations" value="true"/>
			<property name="IsTerrainDecoration" value="true"/>
			<property name="HeatMapStrength" value="9"/>
			<property name="HeatMapTime" value="5000"/>
			<property name="HeatMapFrequency" value="1000"/>
			<property name="Stacknumber" value="1"/>
			<property class="Workstation">
				<property name="Modules" value="tools,output,input"/>		
				<property name="CraftingAreaRecipes" value="AutoMiner"/>
				<property name="Collide" value="melee,bullet,arrow,rocket"/>
			</property>
			<property name="WorkstationIcon" value="ui_game_symbol_mining" />
			<property name="CraftIcon" value="ui_game_symbol_mining" />
			<property name="OpenSound" value="open_workbench" />
			<property name="CloseSound" value="close_workbench" />
			<property name="WorkstationJournalTip" value="workbenchTip" />
			<property class="RepairItems">
				<property name="resourceMechanicalParts" value="5"/>
				<property name="resourceForgedSteel" value="5"/>
				<property name="resourceSpring" value="5"/>
			</property>
			<drop event="Harvest" name="resourceForgedSteel" count="5" tag="allHarvest"/>
			<drop event="Harvest" name="resourceMechanicalParts" count="50" tool_category="Disassemble"/>
			<drop event="Harvest" name="resourceElectricParts" count="50" tool_category="Disassemble"/>
			<drop event="Harvest" name="resourceMechanicalParts" count="20" tag="salvageHarvest"/>
			<drop event="Harvest" name="resourceElectricParts" count="10" tag="salvageHarvest"/>
			<drop event="Harvest" name="resourceForgedSteel" count="10" tag="salvageHarvest"/>
			<drop event="Harvest" name="resourceSpring" count="5" tag="salvageHarvest"/>
			<drop event="Destroy" count="0"/>
			<drop event="Fall" name="scrapMetalPile" count="1" prob="0.75" stick_chance="1"/>
			<property name="TakeDelay" value="15"/>
			<property name="DescriptionKey" value="AutoMinerDesc"/>
			<property name="EconomicValue" value="776"/>
			<property name="Group" value="Basics,Building,advBuilding,workStations"/>
			<property name="SellableToTrader" value="false"/>	
			<property name="FilterTags" value="fdecor,fother,ffurniture"/>
			<property name="SortOrder1" value="70i0"/>
		</block>
	</append>
</configs>

