<mjedit>		
 
 <append xpath="/ui_display_info/crafting_category_display">
 
		<crafting_category_list display_type="AutoMiner">
			<!-- <crafting_category name="" icon="ui_game_symbol_forge" display_name="lblAll" /> -->
			<crafting_category name="Resources" icon="ui_game_symbol_resource" display_name="lblCategoryResources" />
			<crafting_category name="Desert" icon="ui_game_symbol_science" display_name="Desert Resources" />
			<!-- <crafting_category name="AdvBuilding" icon="ui_game_symbol_map_fortress" display_name="lblCategoryAdvBuilding" /> -->
			<crafting_category name="AmmoMaking" icon="ui_game_symbol_knife" display_name="Ammo Resources" />
			<crafting_category name="Construction" icon="ui_game_symbol_tool" display_name="Construction Resources" />
			<!-- <crafting_category name="Decor/Miscellaneous" icon="ui_game_symbol_chair" display_name="lblCategoryDecorMisc" /> -->
		</crafting_category_list>

 </append>		
 
</mjedit>